{
  "user_id": 1,
  "email": "default@musicspace.local",
  "track_count": 20,
  "feature_stats": {
    "predicted_danceability": {
      "mean": 0.5570564609777249,
      "std": 0.05104454379965715,
      "median": 0.5764000485077283,
      "q25": 0.5522604645342896,
      "q75": 0.5801238670308191
    },
    "predicted_energy": {
      "mean": 0.6171700514058044,
      "std": 0.056203196054124015,
      "median": 0.6385536410268876,
      "q25": 0.5949472491783481,
      "q75": 0.6404851698384615
    },
    "predicted_valence": {
      "mean": 0.44792150856188134,
      "std": 0.03614872461793297,
      "median": 0.46280398184006855,
      "q25": 0.41152703094589566,
      "q75": 0.47155171889530495
    },
    "predicted_acousticness": {
      "mean": 0.33620310419193217,
      "std": 0.04991395898938882,
      "median": 0.31712592211360136,
      "q25": 0.3103597635867693,
      "q75": 0.3551799507174659
    },
    "predicted_instrumentalness": {
      "mean": 0.14960219727337243,
      "std": 0.11679097444956756,
      "median": 0.16330870503022832,
      "q25": 0.13976767420059538,
      "q75": 0.17603619184883285
    },
    "predicted_speechiness": {
      "mean": 0.08564283342969241,
      "std": 0.009535105639972074,
      "median": 0.0853505431511206,
      "q25": 0.08307885373689593,
      "q75": 0.08714847185059049
    },
    "predicted_liveness": {
      "mean": 0.20343222125511176,
      "std": 0.061338257536419846,
      "median": 0.1928458795778196,
      "q25": 0.19179149400599987,
      "q75": 0.19366505003801024
    },
    "predicted_tempo": {
      "mean": 123.25683788821,
      "std": 4.825322315200456,
      "median": 122.43047584973564,
      "q25": 122.40433420972244,
      "q75": 125.06448010881155
    },
    "predicted_loudness": {
      "mean": -8.585500941431555,
      "std": 2.017022308604115,
      "median": -8.24454832733305,
      "q25": -9.013134831113616,
      "q75": -8.213048967016793
    }
  },
  "genre_distribution": {
    "unknown": 1.0
  },
  "trained_at": "2026-02-05T21:55:06.732432"
}