{
  "user_id": 5,
  "email": "jowoosung921@gmail.com",
  "track_count": 38,
  "feature_stats": {
    "predicted_danceability": {
      "mean": 0.6109023259541931,
      "std": 0.016141101021477196,
      "median": 0.6084403682601365,
      "q25": 0.6084403682601365,
      "q75": 0.6084403682601365
    },
    "predicted_energy": {
      "mean": 0.6614488576079955,
      "std": 0.045205751781020605,
      "median": 0.6665422534259331,
      "q25": 0.6665422534259331,
      "q75": 0.6665422534259331
    },
    "predicted_valence": {
      "mean": 0.5090022641047276,
      "std": 0.03321416917043186,
      "median": 0.5069935248492914,
      "q25": 0.5069935248492914,
      "q75": 0.5069935248492914
    },
    "predicted_acousticness": {
      "mean": 0.2885303123344543,
      "std": 0.04831199306946077,
      "median": 0.28805121145679974,
      "q25": 0.28805121145679974,
      "q75": 0.28805121145679974
    },
    "predicted_instrumentalness": {
      "mean": 0.13309228894467615,
      "std": 0.03820815834556471,
      "median": 0.1363451933678998,
      "q25": 0.1363451933678998,
      "q75": 0.1363451933678998
    },
    "predicted_speechiness": {
      "mean": 0.08331932386435906,
      "std": 0.007352104963411716,
      "median": 0.0841597536478406,
      "q25": 0.0841597536478406,
      "q75": 0.0841597536478406
    },
    "predicted_liveness": {
      "mean": 0.20274242204957596,
      "std": 0.010714644330282545,
      "median": 0.20323804250304892,
      "q25": 0.20323804250304892,
      "q75": 0.20323804250304892
    },
    "predicted_tempo": {
      "mean": 124.12462122653561,
      "std": 1.328319899409201,
      "median": 123.72004368566836,
      "q25": 123.72004368566836,
      "q75": 123.72004368566836
    },
    "predicted_loudness": {
      "mean": -7.3309051286212625,
      "std": 1.0527596464602287,
      "median": -7.245151731658735,
      "q25": -7.245151731658735,
      "q75": -7.245151731658735
    }
  },
  "genre_distribution": {
    "unknown": 1.0
  },
  "trained_at": "2026-02-05T21:49:11.694643"
}