{
  "user_id": 9,
  "email": "jowoosung9251@gmail.com",
  "track_count": 433,
  "feature_stats": {
    "predicted_danceability": {
      "mean": 0.5988433780322162,
      "std": 0.02012438271721139,
      "median": 0.5990187980553912,
      "q25": 0.5990187980553912,
      "q75": 0.5990187980553912
    },
    "predicted_energy": {
      "mean": 0.6305037314135771,
      "std": 0.05407207891935365,
      "median": 0.6456865596791099,
      "q25": 0.6456865596791099,
      "q75": 0.6456865596791099
    },
    "predicted_valence": {
      "mean": 0.5226880856091259,
      "std": 0.042345508125281,
      "median": 0.5209646119910998,
      "q25": 0.5209646119910998,
      "q75": 0.5209646119910998
    },
    "predicted_acousticness": {
      "mean": 0.34611102704834473,
      "std": 0.07351097043108294,
      "median": 0.326018336726543,
      "q25": 0.326018336726543,
      "q75": 0.326018336726543
    },
    "predicted_instrumentalness": {
      "mean": 0.13057791257481086,
      "std": 0.039644071205281864,
      "median": 0.13805778299476937,
      "q25": 0.13805778299476937,
      "q75": 0.13805778299476937
    },
    "predicted_speechiness": {
      "mean": 0.09427299508915521,
      "std": 0.024440848477700155,
      "median": 0.0940229051132695,
      "q25": 0.0940229051132695,
      "q75": 0.0940229051132695
    },
    "predicted_liveness": {
      "mean": 0.19271189258986493,
      "std": 0.023472354097969255,
      "median": 0.19584220947219433,
      "q25": 0.19584220947219433,
      "q75": 0.19584220947219433
    },
    "predicted_tempo": {
      "mean": 121.60909320564197,
      "std": 5.29098118926119,
      "median": 122.27168959187766,
      "q25": 122.27168959187766,
      "q75": 122.27168959187766
    },
    "predicted_loudness": {
      "mean": -8.243206988213563,
      "std": 0.8263338638589639,
      "median": -8.058146230402729,
      "q25": -8.058146230402729,
      "q75": -8.058146230402729
    }
  },
  "genre_distribution": {
    "unknown": 1.0
  },
  "trained_at": "2026-02-05T21:37:13.617805"
}