{
  "user_id": 28,
  "email": "imapple3@gmail.com",
  "track_count": 178,
  "trainable_tracks": 0,
  "feature_stats": {
    "predicted_danceability": {
      "mean": 0.5990187980553913,
      "std": 1.1133548306339766e-16,
      "median": 0.5990187980553912,
      "q25": 0.5990187980553912,
      "q75": 0.5990187980553912
    },
    "predicted_energy": {
      "mean": 0.6456865596791098,
      "std": 1.1133548306339766e-16,
      "median": 0.6456865596791099,
      "q25": 0.6456865596791099,
      "q75": 0.6456865596791099
    },
    "predicted_valence": {
      "mean": 0.5209646119910998,
      "std": 0.0,
      "median": 0.5209646119910998,
      "q25": 0.5209646119910998,
      "q75": 0.5209646119910998
    },
    "predicted_acousticness": {
      "mean": 0.326018336726543,
      "std": 0.0,
      "median": 0.326018336726543,
      "q25": 0.326018336726543,
      "q75": 0.326018336726543
    },
    "predicted_instrumentalness": {
      "mean": 0.13805778299476937,
      "std": 2.950384400417138e-18,
      "median": 0.13805778299476937,
      "q25": 0.13805778299476937,
      "q75": 0.13805778299476937
    },
    "predicted_speechiness": {
      "mean": 0.09402290511326951,
      "std": 1.3916935382924707e-17,
      "median": 0.0940229051132695,
      "q25": 0.0940229051132695,
      "q75": 0.0940229051132695
    },
    "predicted_liveness": {
      "mean": 0.19584220947219433,
      "std": 0.0,
      "median": 0.19584220947219433,
      "q25": 0.19584220947219433,
      "q75": 0.19584220947219433
    },
    "predicted_tempo": {
      "mean": 122.27168959187769,
      "std": 2.85018836642298e-14,
      "median": 122.27168959187766,
      "q25": 122.27168959187766,
      "q75": 122.27168959187766
    },
    "predicted_loudness": {
      "mean": -8.058146230402729,
      "std": 0.0,
      "median": -8.058146230402729,
      "q25": -8.058146230402729,
      "q75": -8.058146230402729
    }
  },
  "genre_distribution": {
    "unknown": 1.0
  },
  "trained_at": "2026-02-08T00:51:35.931364"
}