{
  "user_id": 3,
  "email": "jowoosung21@gmail.com",
  "track_count": 1698,
  "trainable_tracks": 0,
  "feature_stats": {
    "predicted_danceability": {
      "mean": 0.5749458123873047,
      "std": 0.024094552385466268,
      "median": 0.5767678330532187,
      "q25": 0.5647704114588471,
      "q75": 0.5875223416321664
    },
    "predicted_energy": {
      "mean": 0.6250761098420619,
      "std": 0.04961858054443279,
      "median": 0.6400073230421189,
      "q25": 0.6149536230704211,
      "q75": 0.6446866694969083
    },
    "predicted_valence": {
      "mean": 0.4624172117551428,
      "std": 0.04528808933876466,
      "median": 0.4637496831433373,
      "q25": 0.4436622446693622,
      "q75": 0.47787914099401985
    },
    "predicted_acousticness": {
      "mean": 0.33043811013403074,
      "std": 0.06469950982490044,
      "median": 0.3125876093586883,
      "q25": 0.30697780645386386,
      "q75": 0.3370495459269551
    },
    "predicted_instrumentalness": {
      "mean": 0.16203832642614546,
      "std": 0.05123466619147527,
      "median": 0.16386367034968893,
      "q25": 0.13805778299476937,
      "q75": 0.17313159118468155
    },
    "predicted_speechiness": {
      "mean": 0.08457508670773815,
      "std": 0.018064537358398615,
      "median": 0.0853549513877053,
      "q25": 0.07912966227380773,
      "q75": 0.08903205982846146
    },
    "predicted_liveness": {
      "mean": 0.19432002511027385,
      "std": 0.03907665632608699,
      "median": 0.19289460038911024,
      "q25": 0.1892197271874229,
      "q75": 0.19584220947219433
    },
    "predicted_tempo": {
      "mean": 122.10232013866946,
      "std": 4.107783776709547,
      "median": 122.42789395936397,
      "q25": 121.68829590935857,
      "q75": 122.80030530307452
    },
    "predicted_loudness": {
      "mean": -8.42517833709863,
      "std": 0.9033806479923701,
      "median": -8.237507293850593,
      "q25": -8.49482238157893,
      "q75": -8.058146230402729
    }
  },
  "genre_distribution": {
    "unknown": 1.0
  },
  "trained_at": "2026-02-08T00:39:45.078047"
}